Фамилия;Имя;Отчество
Сомкина;Камилла;Иларионовна
Якимычев;Эрнест;Константинович
Пырьев;Вадим;Натанович
Малинов;Станислав;Гордеевич
Янушкевич;Кузьма;Потапович
Белякова;Ольга;Лукинична
Ковшевникова;Ева;Назаровна
Бессуднова;Любава;Артуровна
Сапогов;Андрон;Павлович
Должикова;Наталия;Константиновна
Горшкова;Марианна;Эмировна
Чукреева;Лина;Павеловна
Шипулин;Петр;Серафимович
Игнатьев;Самуил;Наумович
Гусин;Прокл;Михаилович
Ильясов;Елизар;Андронович
Ассоров;Назар;Климович
Николаевский;Самсон;Святославович
Сальников;Парфен;Дмитриевич
Карабатов;Ипполит;Демидович
Артемов;Карл;Зиновиевич
Казанцева;Адриана;Карповна
Конака;Милана;Эминовна
Вязьмитин;Сергей;Яромирович
Козловская;Алсу;Маратовна
